,t,name,ddl_id,surge
0,1950-01-01,Delfzijl,DELFZL,0.13998434385922673
1,1951-01-01,Delfzijl,DELFZL,0.05519109104236919
2,1952-01-01,Delfzijl,DELFZL,0.06815049892464459
3,1953-01-01,Delfzijl,DELFZL,0.034497261186423774
4,1954-01-01,Delfzijl,DELFZL,0.08188674758150152
5,1955-01-01,Delfzijl,DELFZL,0.0692652771536465
6,1956-01-01,Delfzijl,DELFZL,0.047901133909189174
7,1957-01-01,Delfzijl,DELFZL,0.05939452426686678
8,1958-01-01,Delfzijl,DELFZL,0.05361394108598414
9,1959-01-01,Delfzijl,DELFZL,0.01341217820283842
10,1960-01-01,Delfzijl,DELFZL,0.03263393123879077
11,1961-01-01,Delfzijl,DELFZL,0.08026569289576313
12,1962-01-01,Delfzijl,DELFZL,0.07374866840059627
13,1963-01-01,Delfzijl,DELFZL,0.025260292904528032
14,1964-01-01,Delfzijl,DELFZL,0.03045689552714488
15,1965-01-01,Delfzijl,DELFZL,0.07993252015822529
16,1966-01-01,Delfzijl,DELFZL,0.06336654754266244
17,1967-01-01,Delfzijl,DELFZL,0.11331618371697091
18,1968-01-01,Delfzijl,DELFZL,0.042262666493264926
19,1969-01-01,Delfzijl,DELFZL,0.023020187389003497
20,1970-01-01,Delfzijl,DELFZL,0.069291827455163
21,1971-01-01,Delfzijl,DELFZL,0.04068135994754425
22,1972-01-01,Delfzijl,DELFZL,0.006011813436253147
23,1973-01-01,Delfzijl,DELFZL,0.08895206829877442
24,1974-01-01,Delfzijl,DELFZL,0.08728051883844684
25,1975-01-01,Delfzijl,DELFZL,0.04268310588006287
26,1976-01-01,Delfzijl,DELFZL,0.02636524964991672
27,1977-01-01,Delfzijl,DELFZL,0.07202250722744694
28,1978-01-01,Delfzijl,DELFZL,0.05389888239641712
29,1979-01-01,Delfzijl,DELFZL,0.04170179494520548
30,1980-01-01,Delfzijl,DELFZL,0.04724458802459016
31,1981-01-01,Delfzijl,DELFZL,0.08768313712602739
32,1982-01-01,Delfzijl,DELFZL,0.05956671798739726
33,1983-01-01,Delfzijl,DELFZL,0.10544263606849315
34,1984-01-01,Delfzijl,DELFZL,0.04376425417759562
35,1985-01-01,Delfzijl,DELFZL,0.0545948633249315
36,1986-01-01,Delfzijl,DELFZL,0.0611722144958904
37,1987-01-01,Delfzijl,DELFZL,0.024795574260273973
38,1988-01-01,Delfzijl,DELFZL,0.08804868923497267
39,1989-01-01,Delfzijl,DELFZL,0.07468532436164384
40,1990-01-01,Delfzijl,DELFZL,0.1269822593561644
41,1991-01-01,Delfzijl,DELFZL,0.04870294642739725
42,1992-01-01,Delfzijl,DELFZL,0.06504008834754098
43,1993-01-01,Delfzijl,DELFZL,0.05152646206630137
44,1994-01-01,Delfzijl,DELFZL,0.08422460835616438
45,1995-01-01,Delfzijl,DELFZL,0.06824503134328767
46,1996-01-01,Delfzijl,DELFZL,-0.02218935448907104
47,1997-01-01,Delfzijl,DELFZL,0.0318736572630137
48,1998-01-01,Delfzijl,DELFZL,0.09536063876164384
49,1999-01-01,Delfzijl,DELFZL,0.09046432689178083
50,2000-01-01,Delfzijl,DELFZL,0.07946694471038251
51,2001-01-01,Delfzijl,DELFZL,0.062213645994054795
52,2002-01-01,Delfzijl,DELFZL,0.03537430351890411
53,2003-01-01,Delfzijl,DELFZL,0.032994470493150685
54,2004-01-01,Delfzijl,DELFZL,0.07502013914480873
55,2005-01-01,Delfzijl,DELFZL,0.05757521993972602
56,2006-01-01,Delfzijl,DELFZL,0.06217143470410959
57,2007-01-01,Delfzijl,DELFZL,0.09557228158630136
58,2008-01-01,Delfzijl,DELFZL,0.08277287145628416
59,2009-01-01,Delfzijl,DELFZL,0.04693549636164383
60,2010-01-01,Delfzijl,DELFZL,0.025105207079452053
61,2011-01-01,Delfzijl,DELFZL,0.0765299913780822
62,2012-01-01,Delfzijl,DELFZL,0.061034356052459014
63,2013-01-01,Delfzijl,DELFZL,0.03080750349589041
64,2014-01-01,Delfzijl,DELFZL,0.05152377999753425
65,2015-01-01,Delfzijl,DELFZL,0.09553992142739726
66,2016-01-01,Delfzijl,DELFZL,0.03509860048688525
67,2017-01-01,Delfzijl,DELFZL,0.08886719240273971
68,2018-01-01,Delfzijl,DELFZL,0.01668127698356164
69,2019-01-01,Delfzijl,DELFZL,0.06856799646849315
70,2020-01-01,Delfzijl,DELFZL,0.0708900338251366
71,2021-01-01,Delfzijl,DELFZL,0.04426514257534246
72,2022-01-01,Delfzijl,DELFZL,0.05897927818539208
73,1950-01-01,Den Helder,DENHDR,0.13679011108334596
74,1951-01-01,Den Helder,DENHDR,0.0540243198112776
75,1952-01-01,Den Helder,DENHDR,0.05814439155889135
76,1953-01-01,Den Helder,DENHDR,0.018976511550773803
77,1954-01-01,Den Helder,DENHDR,0.07329784235725664
78,1955-01-01,Den Helder,DENHDR,0.05203593208977621
79,1956-01-01,Den Helder,DENHDR,0.031055033120423393
80,1957-01-01,Den Helder,DENHDR,0.047161990573170456
81,1958-01-01,Den Helder,DENHDR,0.05064436278420768
82,1959-01-01,Den Helder,DENHDR,0.0040056634171266245
83,1960-01-01,Den Helder,DENHDR,0.041642428934955816
84,1961-01-01,Den Helder,DENHDR,0.0715888440455884
85,1962-01-01,Den Helder,DENHDR,0.05504474822074583
86,1963-01-01,Den Helder,DENHDR,0.01805767285875172
87,1964-01-01,Den Helder,DENHDR,0.01414637647497931
88,1965-01-01,Den Helder,DENHDR,0.07484287057735332
89,1966-01-01,Den Helder,DENHDR,0.066175670215018
90,1967-01-01,Den Helder,DENHDR,0.09825613411679252
91,1968-01-01,Den Helder,DENHDR,0.03711989833438983
92,1969-01-01,Den Helder,DENHDR,0.021914628609912855
93,1970-01-01,Den Helder,DENHDR,0.06167396652473978
94,1971-01-01,Den Helder,DENHDR,0.02427743016805959
95,1972-01-01,Den Helder,DENHDR,0.0014441412379914281
96,1973-01-01,Den Helder,DENHDR,0.06324678143511897
97,1974-01-01,Den Helder,DENHDR,0.08514676055909223
98,1975-01-01,Den Helder,DENHDR,0.0280325805411151
99,1976-01-01,Den Helder,DENHDR,0.011674994516283111
100,1977-01-01,Den Helder,DENHDR,0.06714070664387044
101,1978-01-01,Den Helder,DENHDR,0.04675782262666584
102,1979-01-01,Den Helder,DENHDR,0.04549806651506849
103,1980-01-01,Den Helder,DENHDR,0.03637809363661202
104,1981-01-01,Den Helder,DENHDR,0.0709832438
105,1982-01-01,Den Helder,DENHDR,0.04850738955616438
106,1983-01-01,Den Helder,DENHDR,0.0835952323589041
107,1984-01-01,Den Helder,DENHDR,0.03397304562404371
108,1985-01-01,Den Helder,DENHDR,0.039841102695890404
109,1986-01-01,Den Helder,DENHDR,0.04755887823917808
110,1987-01-01,Den Helder,DENHDR,0.015834651717808217
111,1988-01-01,Den Helder,DENHDR,0.07686647158469945
112,1989-01-01,Den Helder,DENHDR,0.055769251241095885
113,1990-01-01,Den Helder,DENHDR,0.10486195403013698
114,1991-01-01,Den Helder,DENHDR,0.02556025317627397
115,1992-01-01,Den Helder,DENHDR,0.050964987390710384
116,1993-01-01,Den Helder,DENHDR,0.03561123433424658
117,1994-01-01,Den Helder,DENHDR,0.07328931337726027
118,1995-01-01,Den Helder,DENHDR,0.05085829740547945
119,1996-01-01,Den Helder,DENHDR,-0.030656519888797817
120,1997-01-01,Den Helder,DENHDR,0.014084795306849317
121,1998-01-01,Den Helder,DENHDR,0.08777602370684931
122,1999-01-01,Den Helder,DENHDR,0.08121001445753426
123,2000-01-01,Den Helder,DENHDR,0.07363157450273224
124,2001-01-01,Den Helder,DENHDR,0.05571799706520548
125,2002-01-01,Den Helder,DENHDR,0.02888474169375342
126,2003-01-01,Den Helder,DENHDR,0.01468902431890411
127,2004-01-01,Den Helder,DENHDR,0.06272571801092897
128,2005-01-01,Den Helder,DENHDR,0.04311608180684931
129,2006-01-01,Den Helder,DENHDR,0.050421396224657536
130,2007-01-01,Den Helder,DENHDR,0.07366388361369863
131,2008-01-01,Den Helder,DENHDR,0.0706112474170765
132,2009-01-01,Den Helder,DENHDR,0.040547448271232876
133,2010-01-01,Den Helder,DENHDR,0.01944546744
134,2011-01-01,Den Helder,DENHDR,0.06024587817027397
135,2012-01-01,Den Helder,DENHDR,0.04866511784562841
136,2013-01-01,Den Helder,DENHDR,0.02006069282849315
137,2014-01-01,Den Helder,DENHDR,0.047939014558082194
138,2015-01-01,Den Helder,DENHDR,0.07162189290684931
139,2016-01-01,Den Helder,DENHDR,0.027178369631693986
140,2017-01-01,Den Helder,DENHDR,0.06966555935945205
141,2018-01-01,Den Helder,DENHDR,0.006176511402739725
142,2019-01-01,Den Helder,DENHDR,0.058190229935342466
143,2020-01-01,Den Helder,DENHDR,0.06004070953431694
144,2021-01-01,Den Helder,DENHDR,0.03332769659452055
145,2022-01-01,Den Helder,DENHDR,0.04071186963621884
146,1950-01-01,Harlingen,HARLGN,0.15977927951065643
147,1951-01-01,Harlingen,HARLGN,0.07076546669338052
148,1952-01-01,Harlingen,HARLGN,0.07323696727157046
149,1953-01-01,Harlingen,HARLGN,0.036653875435498376
150,1954-01-01,Harlingen,HARLGN,0.09749090972688201
151,1955-01-01,Harlingen,HARLGN,0.0644438506359209
152,1956-01-01,Harlingen,HARLGN,0.04648397365696932
153,1957-01-01,Harlingen,HARLGN,0.06432900807424767
154,1958-01-01,Harlingen,HARLGN,0.062075508130739816
155,1959-01-01,Harlingen,HARLGN,0.013800641207968534
156,1960-01-01,Harlingen,HARLGN,0.0484759199885967
157,1961-01-01,Harlingen,HARLGN,0.09071744176214688
158,1962-01-01,Harlingen,HARLGN,0.07638206849359486
159,1963-01-01,Harlingen,HARLGN,0.029416146638407685
160,1964-01-01,Harlingen,HARLGN,0.02841370857127972
161,1965-01-01,Harlingen,HARLGN,0.09191716069942468
162,1966-01-01,Harlingen,HARLGN,0.07865109971584114
163,1967-01-01,Harlingen,HARLGN,0.12765405602523522
164,1968-01-01,Harlingen,HARLGN,0.0473453069227885
165,1969-01-01,Harlingen,HARLGN,0.026831438690934274
166,1970-01-01,Harlingen,HARLGN,0.07791450617401159
167,1971-01-01,Harlingen,HARLGN,0.03699435937690408
168,1972-01-01,Harlingen,HARLGN,0.010203615754659546
169,1973-01-01,Harlingen,HARLGN,0.08491982074633037
170,1974-01-01,Harlingen,HARLGN,0.10417882032335213
171,1975-01-01,Harlingen,HARLGN,0.04183488082370325
172,1976-01-01,Harlingen,HARLGN,0.020779705077124747
173,1977-01-01,Harlingen,HARLGN,0.08434287547452808
174,1978-01-01,Harlingen,HARLGN,0.058920659951559484
175,1979-01-01,Harlingen,HARLGN,0.05711271800630137
176,1980-01-01,Harlingen,HARLGN,0.051203689374316935
177,1981-01-01,Harlingen,HARLGN,0.09002312620547945
178,1982-01-01,Harlingen,HARLGN,0.0709038379890411
179,1983-01-01,Harlingen,HARLGN,0.11100227522739725
180,1984-01-01,Harlingen,HARLGN,0.050343694284153
181,1985-01-01,Harlingen,HARLGN,0.058034689402739724
182,1986-01-01,Harlingen,HARLGN,0.06870885284383561
183,1987-01-01,Harlingen,HARLGN,0.026692769128219176
184,1988-01-01,Harlingen,HARLGN,0.10057325998087431
185,1989-01-01,Harlingen,HARLGN,0.07661618885479451
186,1990-01-01,Harlingen,HARLGN,0.13846403413150685
187,1991-01-01,Harlingen,HARLGN,0.04592964795616438
188,1992-01-01,Harlingen,HARLGN,0.07228074382240438
189,1993-01-01,Harlingen,HARLGN,0.05277079684109589
190,1994-01-01,Harlingen,HARLGN,0.09610506417068493
191,1995-01-01,Harlingen,HARLGN,0.06827439522739726
192,1996-01-01,Harlingen,HARLGN,-0.02937408913852459
193,1997-01-01,Harlingen,HARLGN,0.029660467427397263
194,1998-01-01,Harlingen,HARLGN,0.1124086221150685
195,1999-01-01,Harlingen,HARLGN,0.10375661895452054
196,2000-01-01,Harlingen,HARLGN,0.0962245985136612
197,2001-01-01,Harlingen,HARLGN,0.06973091911232876
198,2002-01-01,Harlingen,HARLGN,0.04386105201479452
199,2003-01-01,Harlingen,HARLGN,0.028676124326027397
200,2004-01-01,Harlingen,HARLGN,0.0845727817136612
201,2005-01-01,Harlingen,HARLGN,0.05913156312739726
202,2006-01-01,Harlingen,HARLGN,0.07016427347123289
203,2007-01-01,Harlingen,HARLGN,0.0961477748
204,2008-01-01,Harlingen,HARLGN,0.0930473999672131
205,2009-01-01,Harlingen,HARLGN,0.05484082753287671
206,2010-01-01,Harlingen,HARLGN,0.02260515657808219
207,2011-01-01,Harlingen,HARLGN,0.08500662356986302
208,2012-01-01,Harlingen,HARLGN,0.06787935147267758
209,2013-01-01,Harlingen,HARLGN,0.03080318358082192
210,2014-01-01,Harlingen,HARLGN,0.06390689570638355
211,2015-01-01,Harlingen,HARLGN,0.10284315424931506
212,2016-01-01,Harlingen,HARLGN,0.04211905982759563
213,2017-01-01,Harlingen,HARLGN,0.09257250816438356
214,2018-01-01,Harlingen,HARLGN,0.015065502871232877
215,2019-01-01,Harlingen,HARLGN,0.07673950460000001
216,2020-01-01,Harlingen,HARLGN,0.08408090166120219
217,2021-01-01,Harlingen,HARLGN,0.048043103413698635
218,2022-01-01,Harlingen,HARLGN,0.05953590549043801
219,1950-01-01,Hoek van Holland,HOEKVHLD,0.1054291128346773
220,1951-01-01,Hoek van Holland,HOEKVHLD,0.03995575050070677
221,1952-01-01,Hoek van Holland,HOEKVHLD,0.050111152217697984
222,1953-01-01,Hoek van Holland,HOEKVHLD,0.00698301529460778
223,1954-01-01,Hoek van Holland,HOEKVHLD,0.056556790292722314
224,1955-01-01,Hoek van Holland,HOEKVHLD,0.04726344233901839
225,1956-01-01,Hoek van Holland,HOEKVHLD,0.024670030464306266
226,1957-01-01,Hoek van Holland,HOEKVHLD,0.03631789478128904
227,1958-01-01,Hoek van Holland,HOEKVHLD,0.045801709449454525
228,1959-01-01,Hoek van Holland,HOEKVHLD,-0.00028951923452215627
229,1960-01-01,Hoek van Holland,HOEKVHLD,0.03964337509932108
230,1961-01-01,Hoek van Holland,HOEKVHLD,0.05767286102963637
231,1962-01-01,Hoek van Holland,HOEKVHLD,0.04177890321328935
232,1963-01-01,Hoek van Holland,HOEKVHLD,0.01255276636029147
233,1964-01-01,Hoek van Holland,HOEKVHLD,0.007298510534373299
234,1965-01-01,Hoek van Holland,HOEKVHLD,0.06484292764854553
235,1966-01-01,Hoek van Holland,HOEKVHLD,0.0593218438939689
236,1967-01-01,Hoek van Holland,HOEKVHLD,0.07415624017993064
237,1968-01-01,Hoek van Holland,HOEKVHLD,0.03394475663233487
238,1969-01-01,Hoek van Holland,HOEKVHLD,0.02451194729400824
239,1970-01-01,Hoek van Holland,HOEKVHLD,0.054624130203044165
240,1971-01-01,Hoek van Holland,HOEKVHLD,0.01824792031045646
241,1972-01-01,Hoek van Holland,HOEKVHLD,-0.0012074406844019253
242,1973-01-01,Hoek van Holland,HOEKVHLD,0.05102999941637255
243,1974-01-01,Hoek van Holland,HOEKVHLD,0.07355281305945899
244,1975-01-01,Hoek van Holland,HOEKVHLD,0.019959041879397545
245,1976-01-01,Hoek van Holland,HOEKVHLD,0.009268068339512811
246,1977-01-01,Hoek van Holland,HOEKVHLD,0.056718157392556534
247,1978-01-01,Hoek van Holland,HOEKVHLD,0.040873214696878435
248,1979-01-01,Hoek van Holland,HOEKVHLD,0.03646732275150685
249,1980-01-01,Hoek van Holland,HOEKVHLD,0.03090315841639344
250,1981-01-01,Hoek van Holland,HOEKVHLD,0.06042206686986301
251,1982-01-01,Hoek van Holland,HOEKVHLD,0.03064939382191781
252,1983-01-01,Hoek van Holland,HOEKVHLD,0.0637750671589041
253,1984-01-01,Hoek van Holland,HOEKVHLD,0.02659575879398907
254,1985-01-01,Hoek van Holland,HOEKVHLD,0.027935287976438353
255,1986-01-01,Hoek van Holland,HOEKVHLD,0.03393390419178082
256,1987-01-01,Hoek van Holland,HOEKVHLD,0.010594950578630136
257,1988-01-01,Hoek van Holland,HOEKVHLD,0.06087456500377049
258,1989-01-01,Hoek van Holland,HOEKVHLD,0.039400792134246576
259,1990-01-01,Hoek van Holland,HOEKVHLD,0.07732213522054794
260,1991-01-01,Hoek van Holland,HOEKVHLD,0.013051957994520547
261,1992-01-01,Hoek van Holland,HOEKVHLD,0.0364941125
262,1993-01-01,Hoek van Holland,HOEKVHLD,0.027660198920547947
263,1994-01-01,Hoek van Holland,HOEKVHLD,0.05752768172328766
264,1995-01-01,Hoek van Holland,HOEKVHLD,0.04201491167589041
265,1996-01-01,Hoek van Holland,HOEKVHLD,-0.023807248808469947
266,1997-01-01,Hoek van Holland,HOEKVHLD,0.003971911673972603
267,1998-01-01,Hoek van Holland,HOEKVHLD,0.06973931740410959
268,1999-01-01,Hoek van Holland,HOEKVHLD,0.06416590346219178
269,2000-01-01,Hoek van Holland,HOEKVHLD,0.05444158230874317
270,2001-01-01,Hoek van Holland,HOEKVHLD,0.04871003048082191
271,2002-01-01,Hoek van Holland,HOEKVHLD,0.02066371712794521
272,2003-01-01,Hoek van Holland,HOEKVHLD,0.0066841535383561634
273,2004-01-01,Hoek van Holland,HOEKVHLD,0.04721666153989071
274,2005-01-01,Hoek van Holland,HOEKVHLD,0.03404683921506849
275,2006-01-01,Hoek van Holland,HOEKVHLD,0.03562028240273973
276,2007-01-01,Hoek van Holland,HOEKVHLD,0.060759909071232875
277,2008-01-01,Hoek van Holland,HOEKVHLD,0.051793842150273224
278,2009-01-01,Hoek van Holland,HOEKVHLD,0.031239122755068495
279,2010-01-01,Hoek van Holland,HOEKVHLD,0.023087515257534247
280,2011-01-01,Hoek van Holland,HOEKVHLD,0.04103051869315068
281,2012-01-01,Hoek van Holland,HOEKVHLD,0.03512195219945355
282,2013-01-01,Hoek van Holland,HOEKVHLD,0.014682084330684929
283,2014-01-01,Hoek van Holland,HOEKVHLD,0.03441101652328767
284,2015-01-01,Hoek van Holland,HOEKVHLD,0.046322851008219174
285,2016-01-01,Hoek van Holland,HOEKVHLD,0.017486715475409836
286,2017-01-01,Hoek van Holland,HOEKVHLD,0.052303924737534244
287,2018-01-01,Hoek van Holland,HOEKVHLD,0.0016208564054794516
288,2019-01-01,Hoek van Holland,HOEKVHLD,0.04330888712684931
289,2020-01-01,Hoek van Holland,HOEKVHLD,0.04036515081147541
290,2021-01-01,Hoek van Holland,HOEKVHLD,0.02354211588219178
291,2022-01-01,Hoek van Holland,HOEKVHLD,0.0257110712839265
292,1950-01-01,IJmuiden,IJMDBTHVN,0.1244379413607594
293,1951-01-01,IJmuiden,IJMDBTHVN,0.050148286650033846
294,1952-01-01,IJmuiden,IJMDBTHVN,0.05692797483649878
295,1953-01-01,IJmuiden,IJMDBTHVN,0.015030948210456599
296,1954-01-01,IJmuiden,IJMDBTHVN,0.06931582749757456
297,1955-01-01,IJmuiden,IJMDBTHVN,0.051380693996707874
298,1956-01-01,IJmuiden,IJMDBTHVN,0.030226698126185867
299,1957-01-01,IJmuiden,IJMDBTHVN,0.04422124803117285
300,1958-01-01,IJmuiden,IJMDBTHVN,0.05122155711080317
301,1959-01-01,IJmuiden,IJMDBTHVN,0.0034686956822565984
302,1960-01-01,IJmuiden,IJMDBTHVN,0.044132718060654205
303,1961-01-01,IJmuiden,IJMDBTHVN,0.06812304994218969
304,1962-01-01,IJmuiden,IJMDBTHVN,0.0516089156116933
305,1963-01-01,IJmuiden,IJMDBTHVN,0.017464436911212352
306,1964-01-01,IJmuiden,IJMDBTHVN,0.012388179750471816
307,1965-01-01,IJmuiden,IJMDBTHVN,0.07391174815033805
308,1966-01-01,IJmuiden,IJMDBTHVN,0.06700532456528242
309,1967-01-01,IJmuiden,IJMDBTHVN,0.0913492194695832
310,1968-01-01,IJmuiden,IJMDBTHVN,0.038074229515661466
311,1969-01-01,IJmuiden,IJMDBTHVN,0.02563130308248817
312,1970-01-01,IJmuiden,IJMDBTHVN,0.0620605273529479
313,1971-01-01,IJmuiden,IJMDBTHVN,0.02292802841338801
314,1972-01-01,IJmuiden,IJMDBTHVN,0.002153214422191994
315,1973-01-01,IJmuiden,IJMDBTHVN,0.06019295990875323
316,1974-01-01,IJmuiden,IJMDBTHVN,0.0842364935025777
317,1975-01-01,IJmuiden,IJMDBTHVN,0.025652631331388266
318,1976-01-01,IJmuiden,IJMDBTHVN,0.01202509441804853
319,1977-01-01,IJmuiden,IJMDBTHVN,0.06569187028512154
320,1978-01-01,IJmuiden,IJMDBTHVN,0.047094703690238195
321,1979-01-01,IJmuiden,IJMDBTHVN,0.04414201672876712
322,1980-01-01,IJmuiden,IJMDBTHVN,0.036896556863387976
323,1981-01-01,IJmuiden,IJMDBTHVN,0.06931617276986302
324,1982-01-01,IJmuiden,IJMDBTHVN,0.043019066920547945
325,1983-01-01,IJmuiden,IJMDBTHVN,0.07762361195616438
326,1984-01-01,IJmuiden,IJMDBTHVN,0.03333791761065573
327,1985-01-01,IJmuiden,IJMDBTHVN,0.03670101026027397
328,1986-01-01,IJmuiden,IJMDBTHVN,0.04421715473260274
329,1987-01-01,IJmuiden,IJMDBTHVN,0.015447558984931508
330,1988-01-01,IJmuiden,IJMDBTHVN,0.07324876359562842
331,1989-01-01,IJmuiden,IJMDBTHVN,0.050098798706849315
332,1990-01-01,IJmuiden,IJMDBTHVN,0.09609055420547946
333,1991-01-01,IJmuiden,IJMDBTHVN,0.02186245859726027
334,1992-01-01,IJmuiden,IJMDBTHVN,0.04742260291803278
335,1993-01-01,IJmuiden,IJMDBTHVN,0.034872772426849316
336,1994-01-01,IJmuiden,IJMDBTHVN,0.07002218116438357
337,1995-01-01,IJmuiden,IJMDBTHVN,0.04913225374164384
338,1996-01-01,IJmuiden,IJMDBTHVN,-0.026632350707131148
339,1997-01-01,IJmuiden,IJMDBTHVN,0.010860139005479453
340,1998-01-01,IJmuiden,IJMDBTHVN,0.08405679951232876
341,1999-01-01,IJmuiden,IJMDBTHVN,0.07693623974794521
342,2000-01-01,IJmuiden,IJMDBTHVN,0.0685171876830601
343,2001-01-01,IJmuiden,IJMDBTHVN,0.055746330663671226
344,2002-01-01,IJmuiden,IJMDBTHVN,0.02792562049643836
345,2003-01-01,IJmuiden,IJMDBTHVN,0.011945520743134246
346,2004-01-01,IJmuiden,IJMDBTHVN,0.05891079141612022
347,2005-01-01,IJmuiden,IJMDBTHVN,0.04120946101917808
348,2006-01-01,IJmuiden,IJMDBTHVN,0.04604307359452055
349,2007-01-01,IJmuiden,IJMDBTHVN,0.07079345246849315
350,2008-01-01,IJmuiden,IJMDBTHVN,0.06502302371857924
351,2009-01-01,IJmuiden,IJMDBTHVN,0.0386906935260274
352,2010-01-01,IJmuiden,IJMDBTHVN,0.022665528093972605
353,2011-01-01,IJmuiden,IJMDBTHVN,0.053937337821917807
354,2012-01-01,IJmuiden,IJMDBTHVN,0.04511643062021858
355,2013-01-01,IJmuiden,IJMDBTHVN,0.019054365590958904
356,2014-01-01,IJmuiden,IJMDBTHVN,0.04431573360273973
357,2015-01-01,IJmuiden,IJMDBTHVN,0.06304347359945206
358,2016-01-01,IJmuiden,IJMDBTHVN,0.0249364626431694
359,2017-01-01,IJmuiden,IJMDBTHVN,0.06453847718191781
360,2018-01-01,IJmuiden,IJMDBTHVN,0.0052503493534246555
361,2019-01-01,IJmuiden,IJMDBTHVN,0.054278753065753416
362,2020-01-01,IJmuiden,IJMDBTHVN,0.05453885311748634
363,2021-01-01,IJmuiden,IJMDBTHVN,0.031139862706849313
364,2022-01-01,IJmuiden,IJMDBTHVN,0.03580459505893699
365,1950-01-01,Vlissingen,VLISSGN,0.08821793644854875
366,1951-01-01,Vlissingen,VLISSGN,0.032484524066827884
367,1952-01-01,Vlissingen,VLISSGN,0.04492220582180946
368,1953-01-01,Vlissingen,VLISSGN,0.0002477355952827543
369,1954-01-01,Vlissingen,VLISSGN,0.04585395006507584
370,1955-01-01,Vlissingen,VLISSGN,0.04268429467186638
371,1956-01-01,Vlissingen,VLISSGN,0.020235097689727127
372,1957-01-01,Vlissingen,VLISSGN,0.02922045594617112
373,1958-01-01,Vlissingen,VLISSGN,0.04148183296887485
374,1959-01-01,Vlissingen,VLISSGN,-0.002562114940828656
375,1960-01-01,Vlissingen,VLISSGN,0.03586702356547565
376,1961-01-01,Vlissingen,VLISSGN,0.04865343169857786
377,1962-01-01,Vlissingen,VLISSGN,0.032743871704458374
378,1963-01-01,Vlissingen,VLISSGN,0.008936000908788752
379,1964-01-01,Vlissingen,VLISSGN,0.002822839657526688
380,1965-01-01,Vlissingen,VLISSGN,0.05717679763927239
381,1966-01-01,Vlissingen,VLISSGN,0.05268962619545525
382,1967-01-01,Vlissingen,VLISSGN,0.05842620496166079
383,1968-01-01,Vlissingen,VLISSGN,0.030642527403676362
384,1969-01-01,Vlissingen,VLISSGN,0.02376873757537097
385,1970-01-01,Vlissingen,VLISSGN,0.04818762149550148
386,1971-01-01,Vlissingen,VLISSGN,0.0140253062092074
387,1972-01-01,Vlissingen,VLISSGN,-0.002775134869896976
388,1973-01-01,Vlissingen,VLISSGN,0.04136032242174834
389,1974-01-01,Vlissingen,VLISSGN,0.06515343737507825
390,1975-01-01,Vlissingen,VLISSGN,0.014510685484856366
391,1976-01-01,Vlissingen,VLISSGN,0.006854380298410019
392,1977-01-01,Vlissingen,VLISSGN,0.04894188614849205
393,1978-01-01,Vlissingen,VLISSGN,0.03543931666812668
394,1979-01-01,Vlissingen,VLISSGN,0.030623680971232872
395,1980-01-01,Vlissingen,VLISSGN,0.025940741784153003
396,1981-01-01,Vlissingen,VLISSGN,0.05242872996986301
397,1982-01-01,Vlissingen,VLISSGN,0.020357493208219175
398,1983-01-01,Vlissingen,VLISSGN,0.051635190621917806
399,1984-01-01,Vlissingen,VLISSGN,0.021784498146393442
400,1985-01-01,Vlissingen,VLISSGN,0.021602280523013696
401,1986-01-01,Vlissingen,VLISSGN,0.025989249543835614
402,1987-01-01,Vlissingen,VLISSGN,0.007072168926027397
403,1988-01-01,Vlissingen,VLISSGN,0.05089496931775956
404,1989-01-01,Vlissingen,VLISSGN,0.030509655104109593
405,1990-01-01,Vlissingen,VLISSGN,0.06206102339972602
406,1991-01-01,Vlissingen,VLISSGN,0.006867476896438355
407,1992-01-01,Vlissingen,VLISSGN,0.027029115717213115
408,1993-01-01,Vlissingen,VLISSGN,0.022503036340438355
409,1994-01-01,Vlissingen,VLISSGN,0.04738357494520548
410,1995-01-01,Vlissingen,VLISSGN,0.035975458652054794
411,1996-01-01,Vlissingen,VLISSGN,-0.01970972328896175
412,1997-01-01,Vlissingen,VLISSGN,-0.0012006231580821924
413,1998-01-01,Vlissingen,VLISSGN,0.05728281749315068
414,1999-01-01,Vlissingen,VLISSGN,0.05290400726493151
415,2000-01-01,Vlissingen,VLISSGN,0.042863329038251366
416,2001-01-01,Vlissingen,VLISSGN,0.04211621196273972
417,2002-01-01,Vlissingen,VLISSGN,0.01612670392328767
418,2003-01-01,Vlissingen,VLISSGN,0.002521146272602739
419,2004-01-01,Vlissingen,VLISSGN,0.03712848115300546
420,2005-01-01,Vlissingen,VLISSGN,0.027547223160438356
421,2006-01-01,Vlissingen,VLISSGN,0.026971539621917808
422,2007-01-01,Vlissingen,VLISSGN,0.05240323259561643
423,2008-01-01,Vlissingen,VLISSGN,0.04081140083060109
424,2009-01-01,Vlissingen,VLISSGN,0.025342019437808217
425,2010-01-01,Vlissingen,VLISSGN,0.023538064667671235
426,2011-01-01,Vlissingen,VLISSGN,0.030285028016438356
427,2012-01-01,Vlissingen,VLISSGN,0.027157742924863386
428,2013-01-01,Vlissingen,VLISSGN,0.01175514229315068
429,2014-01-01,Vlissingen,VLISSGN,0.02683846808958904
430,2015-01-01,Vlissingen,VLISSGN,0.03289398178630137
431,2016-01-01,Vlissingen,VLISSGN,0.011976304601092898
432,2017-01-01,Vlissingen,VLISSGN,0.04146095820547945
433,2018-01-01,Vlissingen,VLISSGN,-0.0007835232657534262
434,2019-01-01,Vlissingen,VLISSGN,0.03440498975726028
435,2020-01-01,Vlissingen,VLISSGN,0.029432787030054648
436,2021-01-01,Vlissingen,VLISSGN,0.017110882520547946
437,2022-01-01,Vlissingen,VLISSGN,0.01751604310096535
